{"cameraMode":{"drawMode":0,"name":"Shaded","section":"Shading Mode"},"sceneLighting":true,"audioPlay":false,"sceneViewState":{"showFog":true,"showMaterialUpdate":false,"showSkybox":true,"showFlares":true,"showImageEffects":true,"showParticleSystems":true,"showVisualEffectGraphs":true,"m_FxEnabled":true},"in2DMode":false,"pivot":{"x":8.501956939697266,"y":-0.17947959899902345,"z":-157.25582885742188},"rotation":{"x":0.22251909971237184,"y":-0.3770005702972412,"z":0.09381639212369919,"w":0.8941817879676819},"size":12.168152809143067,"orthographic":false}