{"cameraMode":{"drawMode":0,"name":"Shaded","section":"Shading Mode"},"sceneLighting":true,"audioPlay":false,"sceneViewState":{"showFog":true,"showMaterialUpdate":false,"showSkybox":true,"showFlares":true,"showImageEffects":true,"showParticleSystems":true,"showVisualEffectGraphs":true,"m_FxEnabled":true},"in2DMode":false,"pivot":{"x":4.409030914306641,"y":2.9686028957366945,"z":1.5197067260742188},"rotation":{"x":-0.007374610751867294,"y":0.8984849452972412,"z":-0.01510471012443304,"w":-0.43868011236190798},"size":9.412758827209473,"orthographic":false}